{
  "model_parent_dir": "/teamspace/studios/this_studio/detecting_Sepsis/3_Model/Time-Series-Library/results/classification_Sepsis_TFT_HIGH_CSV_TemporalFusionTransformer_SepsisCSV_ftM_sl48_ll48_pl0_dm64_nh4_el2_dl1_df256_expand2_dc4_fc1_ebtimeF_dtTrue_TFT_on_CSV_Debugging_0",
  "best_threshold": 0.306,
  "train_thresh": {
    "auroc": 0.7995058527744342,
    "auprc": 0.0818412326560149,
    "accuracy": 0.8195353403141361,
    "f_measure": 0.10630367849619186,
    "utility": 0.31706776156082367
  },
  "test": {
    "auroc": 0.8337049315904411,
    "auprc": 0.10407590759988897,
    "accuracy": 0.8080238257580631,
    "f_measure": 0.11457560744059098,
    "utility": 0.39879282045851644
  }
}