{
  "model_parent_dir": "/teamspace/studios/this_studio/detecting_Sepsis/3_Model/Time-Series-Library/results/classification_Sepsis_TFT_HIGH_CSV_TemporalFusionTransformer_SepsisCSV_ftM_sl48_ll48_pl0_dm64_nh4_el2_dl1_df256_expand2_dc4_fc1_ebtimeF_dtTrue_TFT_on_CSV_LOWPreproc_batchsize256_clip_grad05_0",
  "best_threshold": 0.268,
  "train_thresh": {
    "auroc": 0.7768531604981949,
    "auprc": 0.08027004251613656,
    "accuracy": 0.8211551047120419,
    "f_measure": 0.10158625791074218,
    "utility": 0.2917403422543232
  },
  "test": {
    "auroc": 0.8229958847743909,
    "auprc": 0.09768304900759653,
    "accuracy": 0.8080913663789222,
    "f_measure": 0.11086441460906883,
    "utility": 0.374555690863204
  }
}